area,kWh,year,OID,energietraeger,kategorie,f_ANGF,TEK_HZG,TEK_WW,egain_installation,TM,SO,NM,FM,RFM,KF,kWh_bereinigt,egain_year,has_egain,energy_per_sqm,autogluon_prediction,prediction_bbsr,prediction_bbsr_a,prediction_bbsr_o
7700.0,861376.1400000006,2021,217601,erdgas,School,0.931458643807496,49.3,22.4,2018-01-01,6.034552845528455,3.0982357723577234,0.0,3.7504065040650407,76.9789430894309,1.0803751785022382,930609.4010100696,2018,True,120.85836376754149,754584.56,707182.0315515271,771735.0547276143,793494.4297517905
7700.0,702701.4599999995,2020,217601,erdgas,School,0.931458643807496,49.3,22.4,2018-01-01,7.727160493827161,3.879716049382716,0.0,3.6872427983539096,74.78304526748971,1.1974331731403889,841438.0390181835,2018,True,109.27766740495889,710906.44,707182.0315515271,771735.0547276143,793494.4297517905
7700.0,725623.9200000003,2019,217601,erdgas,School,0.931458643807496,49.3,22.4,2018-01-01,7.368879668049793,3.418526970954357,0.0,3.8441666666666654,75.31728813559323,1.19,863492.4648000003,2018,True,112.14187854545459,728323.44,707182.0315515271,771735.0547276143,793494.4297517905
7700.0,834485.7599999995,2018,217601,erdgas,School,0.931458643807496,49.3,22.4,2018-01-01,5.359330143540669,3.199516746411483,0.0,3.843540669856459,76.24052631578948,1.17,976348.3391999996,2018,True,126.79848561038953,746203.1,707182.0315515271,771735.0547276143,793494.4297517905
6765.0,751964.1256951486,2021,218946,erdgas,School,0.9501279534090564,49.3,22.4,2018-09-23,6.034552845528455,3.0982357723577234,0.0,3.7504065040650407,76.9789430894309,1.0803751785022382,812403.3765251756,2019,True,120.08919091281237,740852.75,633762.8986344895,691614.0730965141,697141.5347105016
6765.0,641473.992,2020,218946,erdgas,School,0.9501279534090564,49.3,22.4,2018-09-23,7.727160493827161,3.879716049382716,0.0,3.6872427983539096,74.78304526748971,1.1974331731403889,768122.2377275923,2019,True,113.54356803068623,700970.06,633762.8986344895,691614.0730965141,697141.5347105016
6765.0,650849.4719999997,2019,218946,erdgas,School,0.9501279534090564,49.3,22.4,2018-09-23,7.368879668049793,3.418526970954357,0.0,3.8441666666666654,75.31728813559323,1.19,774510.8716799996,2019,True,114.48793372948997,716139.2,633762.8986344895,691614.0730965141,697141.5347105016
4482.0,469192.77,2021,218968,erdgas,School,1.0130734663241583,49.3,22.4,2019-01-20,6.034552845528455,3.0982357723577234,0.0,3.7504065040650407,76.9789430894309,1.0803751785022382,506904.2226407096,2019,True,113.09777390466525,357927.0,447702.6942199969,488569.91242769593,461875.5888503279
4482.0,386728.2360000001,2020,218968,erdgas,School,1.0130734663241583,49.3,22.4,2019-01-20,7.727160493827161,3.879716049382716,0.0,3.6872427983539096,74.78304526748971,1.1974331731403889,463081.2187764653,2019,True,103.32021837939877,381936.84,447702.6942199969,488569.91242769593,461875.5888503279
4482.0,349821.468,2019,218968,erdgas,School,1.0130734663241583,49.3,22.4,2019-01-20,7.368879668049793,3.418526970954357,0.0,3.8441666666666654,75.31728813559323,1.19,416287.54692,2019,True,92.8798632128514,374346.03,447702.6942199969,488569.91242769593,461875.5888503279
1422.0,111645.03007263927,2021,218972,erdgas,School,1.2210969495995507,49.3,22.4,2018-10-02,6.034552845528455,3.0982357723577234,0.0,3.7504065040650407,76.9789430894309,1.0803751785022382,120618.5192936154,2019,True,84.82314999551014,136003.89,171209.0264257933,186837.3367585259,146538.8414424735
1422.0,142552.62592736082,2020,218972,erdgas,School,1.2210969495995507,49.3,22.4,2018-10-02,7.727160493827161,3.879716049382716,0.0,3.6872427983539096,74.78304526748971,1.1974331731403889,170697.24320369452,2019,True,120.0402554175067,108703.17,171209.0264257933,186837.3367585259,146538.8414424735
1422.0,94530.024,2019,218972,erdgas,School,1.2210969495995507,49.3,22.4,2018-10-02,7.368879668049793,3.418526970954357,0.0,3.8441666666666654,75.31728813559323,1.19,112490.72856,2019,True,79.10740405063291,104222.09,171209.0264257933,186837.3367585259,146538.8414424735
1587.0,247031.9100000001,2021,220065,erdgas,Fire Dept.,1.1989111219445916,50.8,7.1,2020-03-02,6.034552845528455,3.0982357723577234,0.0,3.7504065040650407,76.9789430894309,1.0803751785022382,266887.1438619989,2020,True,168.1708530951474,250281.12,193311.47017344838,154444.30050849708,220255.36727097593
1587.0,223176.5894250976,2020,220065,erdgas,Fire Dept.,1.1989111219445916,50.8,7.1,2020-03-02,7.727160493827161,3.879716049382716,0.0,3.6872427983539096,74.78304526748971,1.1974331731403889,267239.0516459444,2020,True,168.39259713039974,233924.42,193311.47017344838,154444.30050849708,220255.36727097593
1048.0,152438.762,2021,220067,fernwaerme,Fire Dept.,1.2855949349078502,50.8,7.1,2019-04-01,6.034552845528455,3.0982357723577234,0.0,3.7504065040650407,76.9789430894309,1.0803751785022382,164691.05470641018,2019,True,157.14795296413186,135946.5,136886.03476519618,109363.75306505905,145449.03900439997
1048.0,112641.75,2020,220067,fernwaerme,Fire Dept.,1.2855949349078502,50.8,7.1,2019-04-01,7.727160493827161,3.879716049382716,0.0,3.6872427983539096,74.78304526748971,1.1974331731403889,134880.9681305864,2019,True,128.70321386506336,134523.11,136886.03476519618,109363.75306505905,145449.03900439997
1048.0,95828.55216783215,2019,220067,fernwaerme,Fire Dept.,1.2855949349078502,50.8,7.1,2019-04-01,7.368879668049793,3.418526970954357,0.0,3.8441666666666654,75.31728813559323,1.19,114035.97707972024,2019,True,108.81295522874069,125464.83,136886.03476519618,109363.75306505905,145449.03900439997
1494.0,195732.496,2021,220081,fernwaerme,Fire Dept.,1.21105026981466,50.8,7.1,2019-01-01,6.034552845528455,3.0982357723577234,0.0,3.7504065040650407,76.9789430894309,1.0803751785022382,211464.53030468864,2019,True,141.54252363098303,190746.75,183825.80487527515,146865.82138090255,207348.15293184502
1494.0,156531.057184478,2020,220081,fernwaerme,Fire Dept.,1.21105026981466,50.8,7.1,2019-01-01,7.727160493827161,3.879716049382716,0.0,3.6872427983539096,74.78304526748971,1.1974331731403889,187435.4804994292,2019,True,125.45882228877454,187003.28,183825.80487527515,146865.82138090255,207348.15293184502
1494.0,158515.5,2019,220081,fernwaerme,Fire Dept.,1.21105026981466,50.8,7.1,2019-01-01,7.368879668049793,3.418526970954357,0.0,3.8441666666666654,75.31728813559323,1.19,188633.445,2019,True,126.26067269076303,178132.02,183825.80487527515,146865.82138090255,207348.15293184502
1847.0,332214.49600000004,2021,220115,fernwaerme,Fire Dept.,1.169099631138471,50.8,7.1,2019-01-01,6.034552845528455,3.0982357723577234,0.0,3.7504065040650407,76.9789430894309,1.0803751785022382,358916.2954170312,2019,True,194.32392821712568,342994.72,219387.625101216,175277.58838405236,256340.0525201591
1847.0,272328.895,2020,220115,fernwaerme,Fire Dept.,1.169099631138471,50.8,7.1,2019-01-01,7.727160493827161,3.879716049382716,0.0,3.6872427983539096,74.78304526748971,1.1974331731403889,326095.6528776658,2019,True,176.55422462245036,316353.5,219387.625101216,175277.58838405236,256340.0525201591
1847.0,231635.8965384616,2019,220115,fernwaerme,Fire Dept.,1.169099631138471,50.8,7.1,2019-01-01,7.368879668049793,3.418526970954357,0.0,3.8441666666666654,75.31728813559323,1.19,275646.7168807693,2019,True,149.240236535338,314099.22,219387.625101216,175277.58838405236,256340.0525201591
2535.0,505409.544,2021,220123,erdgas,Fire Dept.,1.1099297030848252,50.8,7.1,2019-03-02,6.034552845528455,3.0982357723577234,0.0,3.7504065040650407,76.9789430894309,1.0803751785022382,546031.9263157347,2019,True,215.39720959200582,402214.97,285869.0546077152,228392.27354848455,351825.6811795362
2535.0,469283.9760000004,2020,220123,erdgas,Fire Dept.,1.1099297030848252,50.8,7.1,2019-03-02,7.727160493827161,3.879716049382716,0.0,3.6872427983539096,74.78304526748971,1.1974331731403889,561936.2004856186,2019,True,221.67108500418877,362892.53,285869.0546077152,228392.27354848455,351825.6811795362
2535.0,387475.8448776298,2019,220123,erdgas,Fire Dept.,1.1099297030848252,50.8,7.1,2019-03-02,7.368879668049793,3.418526970954357,0.0,3.8441666666666654,75.31728813559323,1.19,461096.2554043794,2019,True,181.89201396622462,384249.53,285869.0546077152,228392.27354848455,351825.6811795362
1533.0,140911.50399999996,2021,220127,fernwaerme,Fire Dept.,1.205850849092163,50.8,7.1,2019-01-01,6.034552845528455,3.0982357723577234,0.0,3.7504065040650407,76.9789430894309,1.0803751785022382,152237.2912870188,2019,True,99.30677839988181,185664.62,187814.64612848184,150052.66692420215,212760.85571922248
1533.0,137272.10231643074,2020,220127,fernwaerme,Fire Dept.,1.205850849092163,50.8,7.1,2019-01-01,7.727160493827161,3.879716049382716,0.0,3.6872427983539096,74.78304526748971,1.1974331731403889,164374.1690604158,2019,True,107.22385457300443,176711.12,187814.64612848184,150052.66692420215,212760.85571922248
1533.0,144884.0,2019,220127,fernwaerme,Fire Dept.,1.205850849092163,50.8,7.1,2019-01-01,7.368879668049793,3.418526970954357,0.0,3.8441666666666654,75.31728813559323,1.19,172411.96,2019,True,112.46703196347032,167223.33,187814.64612848184,150052.66692420215,212760.85571922248
1049.0,150375.99999999994,2021,220129,fernwaerme,Fire Dept.,1.2853867035850814,50.8,7.1,2019-02-21,6.034552845528455,3.0982357723577234,0.0,3.7504065040650407,76.9789430894309,1.0803751785022382,162462.49784245252,2019,True,154.8736871710701,141494.39,136994.45824937223,109450.37694287261,145587.82625535838
1049.0,146408.016,2020,220129,fernwaerme,Fire Dept.,1.2853867035850814,50.8,7.1,2019-02-21,7.727160493827161,3.879716049382716,0.0,3.6872427983539096,74.78304526748971,1.1974331731403889,175313.81517206883,2019,True,167.12470464448887,131976.12,136994.45824937223,109450.37694287261,145587.82625535838
1049.0,140612.6,2019,220129,fernwaerme,Fire Dept.,1.2853867035850814,50.8,7.1,2019-02-21,7.368879668049793,3.418526970954357,0.0,3.8441666666666654,75.31728813559323,1.19,167328.994,2019,True,159.51286367969496,128241.35,136994.45824937223,109450.37694287261,145587.82625535838
3008.0,602933.76,2021,220135,erdgas,Fire Dept.,1.0795962132294428,50.8,7.1,2018-06-24,6.034552845528455,3.0982357723577234,0.0,3.7504065040650407,76.9789430894309,1.0803751785022382,651394.6685850257,2018,True,216.55407865193675,543332.9,329938.42159444705,263601.0614802671,417472.05088285793
3008.0,514686.2040000001,2020,220135,erdgas,Fire Dept.,1.0795962132294428,50.8,7.1,2018-06-24,7.727160493827161,3.879716049382716,0.0,3.6872427983539096,74.78304526748971,1.1974331731403889,616302.3344273017,2018,True,204.8877441580125,547670.94,329938.42159444705,263601.0614802671,417472.05088285793
3008.0,490203.3403485603,2019,220135,erdgas,Fire Dept.,1.0795962132294428,50.8,7.1,2018-06-24,7.368879668049793,3.418526970954357,0.0,3.8441666666666654,75.31728813559323,1.19,583341.9750147867,2018,True,193.93017786395833,532407.7,329938.42159444705,263601.0614802671,417472.05088285793
3008.0,601012.6258969476,2018,220135,erdgas,Fire Dept.,1.0795962132294428,50.8,7.1,2018-06-24,5.359330143540669,3.199516746411483,0.0,3.843540669856459,76.24052631578948,1.17,703184.7722994286,2018,True,233.77153334422493,572574.7,329938.42159444705,263601.0614802671,417472.05088285793
4299.0,381396.5509944132,2021,220145,erdgas,Fire Dept.,1.019763339521662,50.8,7.1,2019-01-16,6.034552845528455,3.0982357723577234,0.0,3.7504065040650407,76.9789430894309,1.0803751785022382,412051.3668607272,2019,True,95.84818954657528,545443.4,445410.5998149283,355856.42417267844,596646.3918701484
4299.0,537455.5740000004,2020,220145,erdgas,Fire Dept.,1.019763339521662,50.8,7.1,2019-01-16,7.727160493827161,3.879716049382716,0.0,3.6872427983539096,74.78304526748971,1.1974331731403889,643567.1333968096,2019,True,149.70158953170727,579785.0,445410.5998149283,355856.42417267844,596646.3918701484
4299.0,489871.7378882665,2019,220145,erdgas,Fire Dept.,1.019763339521662,50.8,7.1,2019-01-16,7.368879668049793,3.418526970954357,0.0,3.8441666666666654,75.31728813559323,1.19,582947.3680870371,2019,True,135.60069041336058,566064.6,445410.5998149283,355856.42417267844,596646.3918701484
7174.0,402599.8756023393,2021,220389,fernwaerme,School,0.9415981744485248,49.3,22.4,2019-02-02,6.034552845528455,3.0982357723577234,0.0,3.7504065040650407,76.9789430894309,1.0803751785022382,434958.9124688562,2019,True,60.62990137564207,367203.3,666045.4949244804,726843.4908462076,739289.4855895253
7174.0,297801.1163976608,2020,220389,fernwaerme,School,0.9415981744485248,49.3,22.4,2019-02-02,7.727160493827161,3.879716049382716,0.0,3.6872427983539096,74.78304526748971,1.1974331731403889,356596.9357728013,2019,True,49.70684914591599,347157.5,666045.4949244804,726843.4908462076,739289.4855895253
7174.0,288092.3098628045,2019,220389,fernwaerme,School,0.9415981744485248,49.3,22.4,2019-02-02,7.368879668049793,3.418526970954357,0.0,3.8441666666666654,75.31728813559323,1.19,342829.84873673733,2019,True,47.78782391089174,319287.84,666045.4949244804,726843.4908462076,739289.4855895253
3364.0,449263.5520653789,2021,220507,erdgas,Fire Dept.,1.0603585663487252,50.8,7.1,2020-10-01,6.034552845528455,3.0982357723577234,0.0,3.7504065040650407,76.9789430894309,1.0803751785022382,485373.1902571833,2021,True,144.28453931545283,583114.94,362411.89566722646,289545.4246561884,466880.31222404726
996.0,46698.10662089552,2021,220513,erdgas,Fire Dept.,1.2967682817131756,50.8,7.1,2018-08-01,6.034552845528455,3.0982357723577234,0.0,3.7504065040650407,76.9789430894309,1.0803751785022382,50451.47527626655,2019,True,50.654091642837905,200635.73,131224.6507923704,104840.64594260756,138232.10195456335
996.0,67000.66200000016,2020,220513,erdgas,Fire Dept.,1.2967682817131756,50.8,7.1,2018-08-01,7.727160493827161,3.879716049382716,0.0,3.6872427983539096,74.78304526748971,1.1974331731403889,80228.81530116686,2019,True,80.55101937868159,206984.8,131224.6507923704,104840.64594260756,138232.10195456335
996.0,144532.3770805971,2019,220513,erdgas,Fire Dept.,1.2967682817131756,50.8,7.1,2018-08-01,7.368879668049793,3.418526970954357,0.0,3.8441666666666654,75.31728813559323,1.19,171993.52872591055,2019,True,172.6842657890668,202263.61,131224.6507923704,104840.64594260756,138232.10195456335
5045.0,378223.25342857145,2021,220555,fernwaerme,Fire Dept.,0.9944076873145238,50.8,7.1,2020-01-02,6.034552845528455,3.0982357723577234,0.0,3.7504065040650407,76.9789430894309,1.0803751785022382,408623.01493659016,2020,True,80.99564220745097,309597.94,509705.5371021801,407224.2328529271,700181.6810851125
5045.0,345818.82849481085,2020,220555,fernwaerme,Fire Dept.,0.9944076873145238,50.8,7.1,2020-01-02,7.727160493827161,3.879716049382716,0.0,3.6872427983539096,74.78304526748971,1.1974331731403889,414094.93713623326,2020,True,82.08026504186982,329643.12,509705.5371021801,407224.2328529271,700181.6810851125
4547.0,120055.3840402969,2021,220571,erdgas,Fire Dept.,1.0107767392990747,50.8,7.1,2019-05-31,6.034552845528455,3.0982357723577234,0.0,3.7504065040650407,76.9789430894309,1.0803751785022382,129704.85696269052,2019,True,28.525369906023865,389156.9,466953.7862930379,373068.14142541256,631065.6301078309
4547.0,427561.8380074229,2020,220571,erdgas,Fire Dept.,1.0107767392990747,50.8,7.1,2019-05-31,7.727160493827161,3.879716049382716,0.0,3.6872427983539096,74.78304526748971,1.1974331731403889,511976.7283989654,2019,True,112.5965974046548,416861.5,466953.7862930379,373068.14142541256,631065.6301078309
4547.0,334281.5740815514,2019,220571,erdgas,Fire Dept.,1.0107767392990747,50.8,7.1,2019-05-31,7.368879668049793,3.418526970954357,0.0,3.8441666666666654,75.31728813559323,1.19,397795.07315704616,2019,True,87.48517113636379,439059.0,466953.7862930379,373068.14142541256,631065.6301078309
916.0,178815.11399999988,2021,220637,erdgas,Fire Dept.,1.315419689032946,50.8,7.1,2020-02-02,6.034552845528455,3.0982357723577234,0.0,3.7504065040650407,76.9789430894309,1.0803751785022382,193187.410706648,2020,True,210.9032867976506,126008.984,122420.32261166454,97806.51441333872,127129.12187789158
916.0,157112.49922796353,2020,220637,erdgas,Fire Dept.,1.315419689032946,50.8,7.1,2020-02-02,7.727160493827161,3.879716049382716,0.0,3.6872427983539096,74.78304526748971,1.1974331731403889,188131.71849055728,2020,True,205.3839721512634,136209.03,122420.32261166454,97806.51441333872,127129.12187789158
7256.0,687886.0370109889,2021,220659,fernwaerme,School,0.9399590963122616,49.3,22.4,2019-02-02,6.034552845528455,3.0982357723577234,0.0,3.7504065040650407,76.9789430894309,1.0803751785022382,743175.0000249444,2019,True,102.42213341027349,579865.2,672485.8398001984,733871.7235831487,747739.6860102586
7256.0,571514.010989011,2020,220659,fernwaerme,School,0.9399590963122616,49.3,22.4,2019-02-02,7.727160493827161,3.879716049382716,0.0,3.6872427983539096,74.78304526748971,1.1974331731403889,684349.8356727626,2019,True,94.31502696702903,550479.44,672485.8398001984,733871.7235831487,747739.6860102586
7256.0,635714.6064974016,2019,220659,fernwaerme,School,0.9399590963122616,49.3,22.4,2019-02-02,7.368879668049793,3.418526970954357,0.0,3.8441666666666654,75.31728813559323,1.19,756500.3817319078,2019,True,104.25859726183955,569779.9,672485.8398001984,733871.7235831487,747739.6860102586
3496.0,190157.0667425675,2021,220673,erdgas,Fire Dept.,1.053845276969811,50.8,7.1,2020-10-01,6.034552845528455,3.0982357723577234,0.0,3.7504065040650407,76.9789430894309,1.0803751785022382,205440.9749254633,2021,True,58.76458092833621,698439.75,374319.09776990424,299058.56683089404,485200.22935055563
7482.0,475895.3580000001,2021,220703,erdgas,School,0.9355556823429456,49.3,22.4,2018-07-18,6.034552845528455,3.0982357723577234,0.0,3.7504065040650407,76.9789430894309,1.0803751785022382,514145.5323476367,2019,True,68.71766003042458,565014.6,690183.002867586,753184.3199147746,771029.2627795968
7482.0,404637.28199999983,2020,220703,erdgas,School,0.9355556823429456,49.3,22.4,2018-07-18,7.727160493827161,3.879716049382716,0.0,3.6872427983539096,74.78304526748971,1.1974331731403889,484526.1045561621,2019,True,64.75890197222162,525937.6,690183.002867586,753184.3199147746,771029.2627795968
7482.0,398198.052,2019,220703,erdgas,School,0.9355556823429456,49.3,22.4,2018-07-18,7.368879668049793,3.418526970954357,0.0,3.8441666666666654,75.31728813559323,1.19,473855.68188,2019,True,63.332756198877306,545999.2,690183.002867586,753184.3199147746,771029.2627795968
3343.0,520460.1,2021,220743,erdgas,Fire Dept.,1.061423389338039,50.8,7.1,2019-01-01,6.034552845528455,3.0982357723577234,0.0,3.7504065040650407,76.9789430894309,1.0803751785022382,562292.1734407927,2019,True,168.19987240227124,480640.75,360511.18048059766,288026.866925489,463965.7799539209
3343.0,388167.2207659939,2020,220743,erdgas,Fire Dept.,1.061423389338039,50.8,7.1,2019-01-01,7.727160493827161,3.879716049382716,0.0,3.6872427983539096,74.78304526748971,1.1974331731403889,464804.3068709099,2019,True,139.03808162456173,556739.4,360511.18048059766,288026.866925489,463965.7799539209
3343.0,397466.6219999997,2019,220743,erdgas,Fire Dept.,1.061423389338039,50.8,7.1,2019-01-01,7.368879668049793,3.418526970954357,0.0,3.8441666666666654,75.31728813559323,1.19,472985.2801799996,2019,True,141.48527675142077,566743.4,360511.18048059766,288026.866925489,463965.7799539209
1568.0,299653.55999999953,2021,220745,erdgas,Fire Dept.,1.2013197211882645,50.8,7.1,2019-01-01,6.034552845528455,3.0982357723577234,0.0,3.7504065040650407,76.9789430894309,1.0803751785022382,323738.26837383065,2019,True,206.46573238126956,268245.44,191380.80319883698,152901.81309095703,217618.4095027664
1568.0,276751.2960000006,2020,220745,erdgas,Fire Dept.,1.2013197211882645,50.8,7.1,2019-01-01,7.727160493827161,3.879716049382716,0.0,3.6872427983539096,74.78304526748971,1.1974331731403889,331391.18253999576,2019,True,211.3464174362218,247001.69,191380.80319883698,152901.81309095703,217618.4095027664
1568.0,269847.53485714283,2019,220745,erdgas,Fire Dept.,1.2013197211882645,50.8,7.1,2019-01-01,7.368879668049793,3.418526970954357,0.0,3.8441666666666654,75.31728813559323,1.19,321118.56648,2019,True,204.79500413265305,270131.03,191380.80319883698,152901.81309095703,217618.4095027664
6135.0,297611.5771226924,2021,220751,fernwaerme,School,0.9645732767382666,49.3,22.4,2020-11-03,6.034552845528455,3.0982357723577234,0.0,3.7504065040650407,76.9789430894309,1.0803751785022382,321532.16075826145,2021,True,52.40948015619583,423723.6,583480.9854050216,636742.3239192654,632219.2631853551
1413.0,403279.00800000015,2021,220769,fernwaerme,School,1.222396163347376,49.3,22.4,2019-09-18,6.034552845528455,3.0982357723577234,0.0,3.7504065040650407,76.9789430894309,1.0803751785022382,435692.6302542057,2020,True,308.3458105125306,357755.3,170306.43379065045,185852.35362037903,145611.3804206857
1413.0,363635.524,2020,220769,fernwaerme,School,1.222396163347376,49.3,22.4,2019-09-18,7.727160493827161,3.879716049382716,0.0,3.6872427983539096,74.78304526748971,1.1974331731403889,435429.239369888,2020,True,308.15940507423073,338527.5,170306.43379065045,185852.35362037903,145611.3804206857
9443.0,797374.976,2021,220775,fernwaerme,School,0.9030668231343204,49.3,22.4,2020-01-01,6.034552845528455,3.0982357723577234,0.0,3.7504065040650407,76.9789430894309,1.0803751785022382,861464.1320292179,2020,True,91.22780176101006,778491.8,840827.2770705384,917579.7117792332,973112.7143046957
9443.0,615524.024,2020,220775,fernwaerme,School,0.9030668231343204,49.3,22.4,2020-01-01,7.727160493827161,3.879716049382716,0.0,3.6872427983539096,74.78304526748971,1.1974331731403889,737048.8852024608,2020,True,78.05240762495613,738035.25,840827.2770705384,917579.7117792332,973112.7143046957
8854.0,702205.7615609757,2021,220781,fernwaerme,School,0.9118938366993532,49.3,22.4,2019-01-09,6.034552845528455,3.0982357723577234,0.0,3.7504065040650407,76.9789430894309,1.0803751785022382,758645.6749917392,2019,True,85.68394793220456,695778.44,796087.3317714168,868755.8127073402,912415.5429899159
8854.0,568602.5,2020,220781,fernwaerme,School,0.9118938366993532,49.3,22.4,2019-01-09,7.727160493827161,3.879716049382716,0.0,3.6872427983539096,74.78304526748971,1.1974331731403889,680863.495830558,2019,True,76.89897174503704,646648.75,796087.3317714168,868755.8127073402,912415.5429899159
8854.0,554617.5,2019,220781,fernwaerme,School,0.9118938366993532,49.3,22.4,2019-01-09,7.368879668049793,3.418526970954357,0.0,3.8441666666666654,75.31728813559323,1.19,659994.825,2019,True,74.54199514343799,655350.7,796087.3317714168,868755.8127073402,912415.5429899159
12626.0,1209860.604,2021,220783,erdgas,School,0.8647385069387704,49.3,22.4,2019-01-02,6.034552845528455,3.0982357723577234,0.0,3.7504065040650407,76.9789430894309,1.0803751785022382,1307103.3660093255,2019,True,103.52473990252857,1061873.2,1076533.3751168388,1174801.5448570724,1301124.7623436502
12626.0,1055498.796,2020,220783,erdgas,School,0.8647385069387704,49.3,22.4,2019-01-02,7.727160493827161,3.879716049382716,0.0,3.6872427983539096,74.78304526748971,1.1974331731403889,1263889.2725401402,2019,True,100.1021125091193,1006938.44,1076533.3751168388,1174801.5448570724,1301124.7623436502
12626.0,1021491.5251610134,2019,220783,erdgas,School,0.8647385069387704,49.3,22.4,2019-01-02,7.368879668049793,3.418526970954357,0.0,3.8441666666666654,75.31728813559323,1.19,1215574.914941606,2019,True,96.27553579451971,1043613.4,1076533.3751168388,1174801.5448570724,1301124.7623436502
3968.0,655491.7980000001,2021,220785,erdgas,Fire Dept.,1.0327905329813518,50.8,7.1,2019-01-01,6.034552845528455,3.0982357723577234,0.0,3.7504065040650407,76.9789430894309,1.0803751785022382,708177.0682710031,2019,True,178.47204341507134,472357.25,416368.2640227924,332653.3352275435,550707.811802919
3968.0,565908.282,2020,220785,erdgas,Fire Dept.,1.0327905329813518,50.8,7.1,2019-01-01,7.727160493827161,3.879716049382716,0.0,3.6872427983539096,74.78304526748971,1.1974331731403889,677637.349821686,2019,True,170.77554178973944,512273.22,416368.2640227924,332653.3352275435,550707.811802919
3968.0,540892.0800000001,2019,220785,erdgas,Fire Dept.,1.0327905329813518,50.8,7.1,2019-01-01,7.368879668049793,3.418526970954357,0.0,3.8441666666666654,75.31728813559323,1.19,643661.5752000001,2019,True,162.2130985887097,526070.8,416368.2640227924,332653.3352275435,550707.811802919
6668.0,632170.1699999999,2021,220789,erdgas,School,0.9522430966585784,49.3,22.4,2019-03-02,6.034552845528455,3.0982357723577234,0.0,3.7504065040650407,76.9789430894309,1.0803751785022382,682980.9602575402,2019,True,102.42665870688965,698972.7,626066.317096013,683214.9318431932,687145.5659201219
6668.0,542900.0700000002,2020,220789,erdgas,School,0.9522430966585784,49.3,22.4,2019-03-02,7.727160493827161,3.879716049382716,0.0,3.6872427983539096,74.78304526748971,1.1974331731403889,650086.5535182394,2019,True,97.49348433086973,656566.5,626066.317096013,683214.9318431932,687145.5659201219
6668.0,595125.5227187634,2019,220789,erdgas,School,0.9522430966585784,49.3,22.4,2019-03-02,7.368879668049793,3.418526970954357,0.0,3.8441666666666654,75.31728813559323,1.19,708199.3720353284,2019,True,106.20866407248477,673418.0,626066.317096013,683214.9318431932,687145.5659201219
1238.0,175611.99999999994,2021,220793,fernwaerme,Fire Dept.,1.249858272226924,50.8,7.1,2020-01-01,6.034552845528455,3.0982357723577234,0.0,3.7504065040650407,76.9789430894309,1.0803751785022382,189726.845847135,2020,True,153.2527026228877,170308.23,157208.1733673203,125599.92610965723,171818.6166864954
1238.0,143069.32836500002,2020,220793,fernwaerme,Fire Dept.,1.249858272226924,50.8,7.1,2020-01-01,7.727160493827161,3.879716049382716,0.0,3.6872427983539096,74.78304526748971,1.1974331731403889,171315.95984316623,2020,True,138.38122766006964,157013.58,157208.1733673203,125599.92610965723,171818.6166864954
2449.0,137898.0,2021,221137,fernwaerme,School,1.116185566444338,49.3,22.4,2019-03-01,6.034552845528455,3.0982357723577234,0.0,3.7504065040650407,76.9789430894309,1.0803751785022382,148981.57636510165,2019,True,60.83363673544371,162991.44,269526.89138910733,294129.85765544133,252372.4491509266
2449.0,118334.0,2020,221137,fernwaerme,School,1.116185566444338,49.3,22.4,2019-03-01,7.727160493827161,3.879716049382716,0.0,3.6872427983539096,74.78304526748971,1.1974331731403889,141697.0571103948,2019,True,57.85914949383209,133692.56,269526.89138910733,294129.85765544133,252372.4491509266
2449.0,135594.8556869711,2019,221137,fernwaerme,School,1.116185566444338,49.3,22.4,2019-03-01,7.368879668049793,3.418526970954357,0.0,3.8441666666666654,75.31728813559323,1.19,161357.8782674956,2019,True,65.88725123213376,147136.75,269526.89138910733,294129.85765544133,252372.4491509266
1577.0,137810.18701479165,2021,221341,fernwaerme,Fire Dept.,1.200174411005798,50.8,7.1,2019-08-20,6.034552845528455,3.0982357723577234,0.0,3.7504065040650407,76.9789430894309,1.0803751785022382,148886.70539553236,2020,True,94.4113540872114,157587.73,192295.78468946414,153632.82856650715,218867.49476139195
1577.0,131598.77932020836,2020,221341,fernwaerme,Fire Dept.,1.200174411005798,50.8,7.1,2019-08-20,7.727160493827161,3.879716049382716,0.0,3.6872427983539096,74.78304526748971,1.1974331731403889,157580.7439027989,2020,True,99.92437787114704,141883.6,192295.78468946414,153632.82856650715,218867.49476139195
4234.0,579744.96,2021,221407,fernwaerme,Fire Dept.,1.0222232774347249,50.8,7.1,2020-01-02,5.715810276679841,3.3137035573122526,6.393873517786561,4.294861660079051,82.01936758893281,1.0803751785022382,626342.0646457729,2020,True,147.93152211756563,468565.97,439734.2850365163,351321.38822974503,587625.2205578525
4234.0,508038.66521523375,2020,221407,fernwaerme,Fire Dept.,1.0222232774347249,50.8,7.1,2020-01-02,7.365338645418327,4.448067729083665,5.666932270916335,4.378884462151394,76.78187250996017,1.1974331731403889,608342.3509666851,2020,True,143.68029073374709,443126.6,439734.2850365163,351321.38822974503,587625.2205578525
7198.0,543408.5119999999,2021,221419,fernwaerme,Fire Dept.,0.9411160973691274,50.8,7.1,2019-08-20,6.034552845528455,3.0982357723577234,0.0,3.7504065040650407,76.9789430894309,1.0803751785022382,587085.0681516355,2020,True,81.56224897911024,453400.16,688254.0127564786,549873.7838834181,998990.6323985411
7198.0,490136.496,2020,221419,fernwaerme,Fire Dept.,0.9411160973691274,50.8,7.1,2019-08-20,7.727160493827161,3.879716049382716,0.0,3.6872427983539096,74.78304526748971,1.1974331731403889,586905.6996771916,2020,True,81.53732976899022,419440.97,688254.0127564786,549873.7838834181,998990.6323985411
6765.0,769284.0,2021,221651,erdgas,School,0.9501279534090564,49.3,22.4,2018-01-01,6.034552845528455,3.0982357723577234,0.0,3.7504065040650407,76.9789430894309,1.0803751785022382,831115.3388189158,2018,True,122.85518681728244,553968.06,633762.8986344895,691614.0730965141,697141.5347105016
6765.0,609620.2587,2020,221651,erdgas,School,0.9501279534090564,49.3,22.4,2018-01-01,7.727160493827161,3.879716049382716,0.0,3.6872427983539096,74.78304526748971,1.1974331731403889,729979.5207858058,2018,True,107.90532458031127,515966.0,633762.8986344895,691614.0730965141,697141.5347105016
6765.0,682643.6433000001,2019,221651,erdgas,School,0.9501279534090564,49.3,22.4,2018-01-01,7.368879668049793,3.418526970954357,0.0,3.8441666666666654,75.31728813559323,1.19,812345.9355270001,2018,True,120.08070000399114,545084.94,633762.8986344895,691614.0730965141,697141.5347105016
6765.0,294892.76538660907,2018,221651,erdgas,School,0.9501279534090564,49.3,22.4,2018-01-01,5.359330143540669,3.199516746411483,0.0,3.843540669856459,76.24052631578948,1.17,345024.5355023326,2018,True,51.00140953471288,579125.6,633762.8986344895,691614.0730965141,697141.5347105016
3924.0,488989.4806588235,2021,222045,erdgas,Fire Dept.,1.034621432625168,50.8,7.1,2018-06-02,6.034552845528455,3.0982357723577234,0.0,3.7504065040650407,76.9789430894309,1.0803751785022382,528292.0974524932,2018,True,134.63101362194016,453561.03,412481.2173647097,329547.81747625425,544601.1727607496
3924.0,599438.9473411769,2020,222045,erdgas,Fire Dept.,1.034621432625168,50.8,7.1,2018-06-02,7.727160493827161,3.879716049382716,0.0,3.6872427983539096,74.78304526748971,1.1974331731403889,717788.08081868,2018,True,182.92254862861367,413678.3,412481.2173647097,329547.81747625425,544601.1727607496
3924.0,499173.7319999992,2019,222045,erdgas,Fire Dept.,1.034621432625168,50.8,7.1,2018-06-02,7.368879668049793,3.418526970954357,0.0,3.8441666666666654,75.31728813559323,1.19,594016.741079999,2018,True,151.3804131192658,497835.3,412481.2173647097,329547.81747625425,544601.1727607496
3924.0,521252.253461025,2018,222045,erdgas,Fire Dept.,1.034621432625168,50.8,7.1,2018-06-02,5.359330143540669,3.199516746411483,0.0,3.843540669856459,76.24052631578948,1.17,609865.1365493992,2018,True,155.419249885168,540352.0,412481.2173647097,329547.81747625425,544601.1727607496
1285.0,72310.64777966241,2021,222079,erdgas,Fire Dept.,1.242039760075473,50.8,7.1,2018-07-02,6.034552845528455,3.0982357723577234,0.0,3.7504065040650407,76.9789430894309,1.0803751785022382,78122.62900256526,2019,True,60.795820235459345,173018.34,162155.74291641344,129552.73820891457,178341.61748154004
1285.0,114705.79982608724,2020,222079,erdgas,Fire Dept.,1.242039760075473,50.8,7.1,2018-07-02,7.727160493827161,3.879716049382716,0.0,3.6872427983539096,74.78304526748971,1.1974331731403889,137352.52986335792,2019,True,106.88912829833302,175466.12,162155.74291641344,129552.73820891457,178341.61748154004
1285.0,166531.78799999983,2019,222079,erdgas,Fire Dept.,1.242039760075473,50.8,7.1,2018-07-02,7.368879668049793,3.418526970954357,0.0,3.8441666666666654,75.31728813559323,1.19,198172.8277199998,2019,True,154.22009939299596,203519.7,162155.74291641344,129552.73820891457,178341.61748154004
5464.0,289348.84808059706,2021,222081,erdgas,Fire Dept.,0.9820875677113714,50.8,7.1,2018-08-01,6.034552845528455,3.0982357723577234,0.0,3.7504065040650407,76.9789430894309,1.0803751785022382,312605.313394492,2019,True,57.21180699020718,684603.44,545198.4493494532,435580.9465032921,758333.5392366808
5464.0,659251.6785067157,2020,222081,erdgas,Fire Dept.,0.9820875677113714,50.8,7.1,2018-08-01,7.727160493827161,3.879716049382716,0.0,3.6872427983539096,74.78304526748971,1.1974331731403889,789409.829292424,2019,True,144.4747125352167,637588.1,545198.4493494532,435580.9465032921,758333.5392366808
5464.0,779725.9799999997,2019,222081,erdgas,Fire Dept.,0.9820875677113714,50.8,7.1,2018-08-01,7.368879668049793,3.418526970954357,0.0,3.8441666666666654,75.31728813559323,1.19,927873.9161999996,2019,True,169.81587046120052,751715.5,545198.4493494532,435580.9465032921,758333.5392366808
1439.0,61741.03325754916,2021,222091,erdgas,Fire Dept.,1.2186699220357766,50.8,7.1,2019-01-09,6.034552845528455,3.0982357723577234,0.0,3.7504065040650407,76.9789430894309,1.0803751785022382,66703.4798265373,2019,True,46.3540513040565,260674.39,178172.46740944343,142349.1429361861,199714.85412913316
1439.0,209408.5439999993,2020,222091,erdgas,Fire Dept.,1.2186699220357766,50.8,7.1,2019-01-09,7.727160493827161,3.879716049382716,0.0,3.6872427983539096,74.78304526748971,1.1974331731403889,250752.7373246279,2019,True,174.2548556807699,259316.88,178172.46740944343,142349.1429361861,199714.85412913316
1439.0,230645.54206039163,2019,222091,erdgas,Fire Dept.,1.2186699220357766,50.8,7.1,2019-01-09,7.368879668049793,3.418526970954357,0.0,3.8441666666666654,75.31728813559323,1.19,274468.195051866,2019,True,190.7353683473704,294797.94,178172.46740944343,142349.1429361861,199714.85412913316
3350.0,311715.0,2021,222117,erdgas,Fire Dept.,1.0610675474602378,50.8,7.1,2020-10-01,6.034552845528455,3.0982357723577234,0.0,3.7504065040650407,76.9789430894309,1.0803751785022382,336769.14876682515,2021,True,100.52810410950005,603945.25,361144.9504535665,288533.21122089284,464937.2907106297
1607.0,247522.6327793082,2021,222153,erdgas,Fire Dept.,1.1964133152658498,50.8,7.1,2019-01-01,6.034552845528455,3.0982357723577234,0.0,3.7504065040650407,76.9789430894309,1.0803751785022382,267417.308572289,2019,True,166.40778380354016,269595.25,195339.8376794336,156064.8448060236,223031.11229014385
1607.0,251539.4767793075,2020,222153,erdgas,Fire Dept.,1.1964133152658498,50.8,7.1,2019-01-01,7.727160493827161,3.879716049382716,0.0,3.6872427983539096,74.78304526748971,1.1974331731403889,301201.7138499193,2019,True,187.43106026752915,276486.53,195339.8376794336,156064.8448060236,223031.11229014385
1607.0,281089.6560000001,2019,222153,erdgas,Fire Dept.,1.1964133152658498,50.8,7.1,2019-01-01,7.368879668049793,3.418526970954357,0.0,3.8441666666666654,75.31728813559323,1.19,334496.6906400001,2019,True,208.1497763783448,286767.97,195339.8376794336,156064.8448060236,223031.11229014385
1201.0,79468.98617266188,2021,222255,erdgas,Fire Dept.,1.2562714359524143,50.8,7.1,2019-02-02,5.715810276679841,3.3137035573122526,6.393873517786561,4.294861660079051,82.01936758893281,1.0803751785022382,85856.32012168148,2019,True,71.48736063420606,280185.5,153292.2506492111,122471.33811381272,166683.4884010347
1201.0,110047.086,2020,222255,erdgas,Fire Dept.,1.2562714359524143,50.8,7.1,2019-02-02,7.365338645418327,4.448067729083665,5.666932270916335,4.378884462151394,76.78187250996017,1.1974331731403889,131774.03138383327,2019,True,109.720259270469,174909.0,153292.2506492111,122471.33811381272,166683.4884010347
1201.0,106847.12586188344,2019,222255,erdgas,Fire Dept.,1.2562714359524143,50.8,7.1,2019-02-02,7.010975609756097,3.874650406504065,5.586585365853658,4.5268292682926825,78.5029268292683,1.19,127148.0797756413,2019,True,105.86850938854396,127200.98,153292.2506492111,122471.33811381272,166683.4884010347
3844.0,343644.48,2021,223431,fernwaerme,Fire Dept.,1.0380151295647178,50.8,7.1,2020-01-01,6.034552845528455,3.0982357723577234,0.0,3.7504065040650407,76.9789430894309,1.0803751785022382,371264.9664213088,2020,True,96.58297773707305,251276.55,405397.22405755235,323888.130598134,533498.1926840778
3844.0,301722.76957762934,2020,223431,fernwaerme,Fire Dept.,1.0380151295647178,50.8,7.1,2020-01-01,7.727160493827161,3.879716049382716,0.0,3.6872427983539096,74.78304526748971,1.1974331731403889,361292.8533840471,2020,True,93.98877559418499,258301.33,405397.22405755235,323888.130598134,533498.1926840778
1568.0,253345.96800000023,2021,223559,erdgas,Fire Dept.,1.2013197211882645,50.8,7.1,2019-03-28,6.034552845528455,3.0982357723577234,0.0,3.7504065040650407,76.9789430894309,1.0803751785022382,273708.69540082256,2019,True,174.5591169648103,177061.72,191380.80319883698,152901.81309095703,217618.4095027664
1568.0,214232.7959999998,2020,223559,erdgas,Fire Dept.,1.2013197211882645,50.8,7.1,2019-03-28,7.727160493827161,3.879716049382716,0.0,3.6872427983539096,74.78304526748971,1.1974331731403889,256529.45670501736,2019,True,163.6029698373835,165437.58,191380.80319883698,152901.81309095703,217618.4095027664
1568.0,202026.76502108955,2019,223559,erdgas,Fire Dept.,1.2013197211882645,50.8,7.1,2019-03-28,7.368879668049793,3.418526970954357,0.0,3.8441666666666654,75.31728813559323,1.19,240411.8503750965,2019,True,153.32388416779116,187827.1,191380.80319883698,152901.81309095703,217618.4095027664
6602.0,735908.991128417,2021,226631,erdgas,Fire Dept.,0.9537037551563344,50.8,7.1,2018-08-01,6.034552845528455,3.0982357723577234,0.0,3.7504065040650407,76.9789430894309,1.0803751785022382,795057.8076517655,2019,True,120.42681121656551,871993.7,639709.3826606793,511089.52844393277,916273.4308273365
6602.0,809965.2400463081,2020,226631,erdgas,Fire Dept.,0.9537037551563344,50.8,7.1,2018-08-01,7.727160493827161,3.879716049382716,0.0,3.6872427983539096,74.78304526748971,1.1974331731403889,969879.2475220676,2019,True,146.9068839021611,876461.8,639709.3826606793,511089.52844393277,916273.4308273365
6602.0,986220.3600000002,2019,226631,erdgas,Fire Dept.,0.9537037551563344,50.8,7.1,2018-08-01,7.368879668049793,3.418526970954357,0.0,3.8441666666666654,75.31728813559323,1.19,1173602.2284,2019,True,177.76465137837022,946049.9,639709.3826606793,511089.52844393277,916273.4308273365
4871.0,357571.80000000005,2021,226675,erdgas,Fire Dept.,0.99989485805588,50.8,7.1,2019-01-01,6.034552845528455,3.0982357723577234,0.0,3.7504065040650407,76.9789430894309,1.0803751785022382,386311.6972523667,2019,True,79.3084987173818,808737.44,494841.56592476345,395348.80906552944,676032.6994183514
4871.0,275389.6319999999,2020,226675,erdgas,Fire Dept.,0.99989485805588,50.8,7.1,2019-01-01,7.727160493827161,3.879716049382716,0.0,3.6872427983539096,74.78304526748971,1.1974331731403889,329760.68089572387,2019,True,67.69876429803405,826048.06,494841.56592476345,395348.80906552944,676032.6994183514
4871.0,663177.8880000002,2019,226675,erdgas,Fire Dept.,0.99989485805588,50.8,7.1,2019-01-01,7.368879668049793,3.418526970954357,0.0,3.8441666666666654,75.31728813559323,1.19,789181.6867200001,2019,True,162.01635941695753,882866.2,494841.56592476345,395348.80906552944,676032.6994183514
2197.0,106437.00799999996,2021,226839,fernwaerme,School,1.136173195105504,49.3,22.4,2019-09-18,6.034552845528455,3.0982357723577234,0.0,3.7504065040650407,76.9789430894309,1.0803751785022382,114991.90151724411,2020,True,52.340419443442926,108076.89,246122.60945117375,268589.1849624366,226403.540540868
2197.0,90262.49600000004,2020,226839,fernwaerme,School,1.136173195105504,49.3,22.4,2019-09-18,7.727160493827161,3.879716049382716,0.0,3.6872427983539096,74.78304526748971,1.1974331731403889,108083.30700085172,2020,True,49.1958611747163,93324.445,246122.60945117375,268589.1849624366,226403.540540868
2237.0,125385.52000000002,2021,226841,fernwaerme,School,1.1328196265433634,49.3,22.4,2020-09-01,6.034552845528455,3.0982357723577234,0.0,3.7504065040650407,76.9789430894309,1.0803751785022382,135463.40355159598,2021,True,60.55583529351631,116033.55,249863.98595134186,272672.08196673286,230525.5895265916
8863.0,356804.5119999999,2021,226843,fernwaerme,School,0.9117536403866626,49.3,22.4,2019-09-17,6.034552845528455,3.0982357723577234,0.0,3.7504065040650407,76.9789430894309,1.0803751785022382,385482.73834240384,2020,True,43.493482832269414,334063.28,796774.0299540532,869505.1941055009,913343.0040117038
8863.0,324237.4303333334,2020,226843,fernwaerme,School,0.9117536403866626,49.3,22.4,2019-09-17,7.727160493827161,3.879716049382716,0.0,3.6872427983539096,74.78304526748971,1.1974331731403889,388252.65505492914,2020,True,43.80600869400081,294172.8,796774.0299540532,869505.1941055009,913343.0040117038
2216.0,116961.1431025641,2021,226845,fernwaerme,School,1.1345710804368594,49.3,22.4,2019-10-17,6.034552845528455,3.0982357723577234,0.0,3.7504065040650407,76.9789430894309,1.0803751785022382,126361.91585725851,2020,True,57.02252520634409,145400.0,247901.0581048607,270529.97404904873,228361.5138090867
2216.0,52459.37224358974,2020,226845,fernwaerme,School,1.1345710804368594,49.3,22.4,2019-10-17,7.727160493827161,3.879716049382716,0.0,3.6872427983539096,74.78304526748971,1.1974331731403889,62816.59256659451,2020,True,28.346837800809798,133829.17,247901.0581048607,270529.97404904873,228361.5138090867
1809.0,193713.12,2021,230715,erdgas,Police,1.173127174561709,52.4,7.4,2020-09-01,6.034552845528455,3.0982357723577234,0.0,3.7504065040650407,76.9789430894309,1.0803751785022382,209282.84659822547,2021,True,115.6897991145525,249998.22,222405.20376036735,199645.79876941955,185014.0096534417
4987.0,650609.2800000001,2021,230717,erdgas,Police,0.996210857718444,52.4,7.4,2019-08-13,6.034552845528455,3.0982357723577234,0.0,3.7504065040650407,76.9789430894309,1.0803751785022382,702902.1170152128,2020,True,140.94688530483512,517700.62,520657.25177190907,467376.80215024244,510041.38537408167
4987.0,572650.02,2020,230717,erdgas,Police,0.996210857718444,52.4,7.4,2019-08-13,7.727160493827161,3.879716049382716,0.0,3.6872427983539096,74.78304526748971,1.1974331731403889,685710.1305475072,2020,True,137.49952487417428,523744.06,520657.25177190907,467376.80215024244,510041.38537408167
3878.0,227013.504,2021,230721,fernwaerme,Police,1.036562418994825,52.4,7.4,2020-01-01,6.034552845528455,3.0982357723577234,0.0,3.7504065040650407,76.9789430894309,1.0803751785022382,245259.75490641856,2020,True,63.243876974321445,264796.1,421273.8935783304,378163.6470825097,396619.3086987545
3878.0,194350.41266500004,2020,230721,fernwaerme,Police,1.036562418994825,52.4,7.4,2020-01-01,7.727160493827161,3.879716049382716,0.0,3.6872427983539096,74.78304526748971,1.1974331731403889,232721.63133859503,2020,True,60.01073526008123,242725.86,421273.8935783304,378163.6470825097,396619.3086987545
7878.0,639741.0240000003,2021,230723,erdgas,Police,0.9282165033270452,52.4,7.4,2019-08-23,6.034552845528455,3.0982357723577234,0.0,3.7504065040650407,76.9789430894309,1.0803751785022382,691160.322999205,2020,True,87.73296813902068,673042.0,766348.9114644565,687926.0825670525,805716.0685736947
7878.0,650414.1779999997,2020,230723,erdgas,Police,0.9282165033270452,52.4,7.4,2019-08-23,7.727160493827161,3.879716049382716,0.0,3.6872427983539096,74.78304526748971,1.1974331731403889,778827.5130180374,2020,True,98.86107045164222,653401.3,766348.9114644565,687926.0825670525,805716.0685736947
3531.0,260729.504,2021,230725,fernwaerme,Police,1.0521682675961772,52.4,7.4,2021-01-01,6.034552845528455,3.0982357723577234,0.0,3.7504065040650407,76.9789430894309,1.0803751785022382,281685.6844248,2021,True,79.77504515004247,200520.58,389353.60482204426,349509.8591407237,361130.1647796034
6432.0,338434.44493025244,2021,230731,erdgas,Police,0.9575492368016922,52.4,7.4,2019-08-11,6.034552845528455,3.0982357723577234,0.0,3.7504065040650407,76.9789430894309,1.0803751785022382,365636.1738528274,2020,True,56.84642006418336,364484.8,645458.6612281692,579406.9015236839,657827.5898789038
6432.0,350093.2320000004,2020,230731,erdgas,Police,0.9575492368016922,52.4,7.4,2019-08-11,7.727160493827161,3.879716049382716,0.0,3.6872427983539096,74.78304526748971,1.1974331731403889,419213.2496887348,2020,True,65.17618931727843,360451.0,645458.6612281692,579406.9015236839,657827.5898789038
4312.0,444480.3016342416,2021,230735,erdgas,Police,1.0192767734838224,52.4,7.4,2019-10-04,6.034552845528455,3.0982357723577234,0.0,3.7504065040650407,76.9789430894309,1.0803751785022382,480205.4852188224,2020,True,111.36490844592358,514906.06,460608.72767308296,413473.2272520942,441006.30714518554
4312.0,512091.5592256803,2020,230735,erdgas,Police,1.0192767734838224,52.4,7.4,2019-10-04,7.727160493827161,3.879716049382716,0.0,3.6872427983539096,74.78304526748971,1.1974331731403889,613195.4207020157,2020,True,142.20673021846378,485734.22,460608.72767308296,413473.2272520942,441006.30714518554
3081.0,240685.0,2021,230741,fernwaerme,Police,1.0754331250607825,52.4,7.4,2020-03-02,6.034552845528455,3.0982357723577234,0.0,3.7504065040650407,76.9789430894309,1.0803751785022382,260030.0998378112,2020,True,84.397955156706,227974.84,347245.311231126,311710.6360711321,315106.77929367265
3081.0,183212.9662962645,2020,230741,fernwaerme,Police,1.0754331250607825,52.4,7.4,2020-03-02,7.727160493827161,3.879716049382716,0.0,3.6872427983539096,74.78304526748971,1.1974331731403889,219385.28359259912,2020,True,71.2058693906521,213398.69,347245.311231126,311710.6360711321,315106.77929367265
3251.0,432814.158,2021,230743,erdgas,Police,1.0661860308297904,52.4,7.4,2020-10-03,6.034552845528455,3.0982357723577234,0.0,3.7504065040650407,76.9789430894309,1.0803751785022382,467601.67320754594,2021,True,143.8331815464614,416502.53,363254.69839665754,326081.7336643126,332493.3915883576
1268.0,79192.63127145008,2021,230751,erdgas,Police,1.2448270293382846,52.4,7.4,2019-10-30,6.034552845528455,3.0982357723577234,0.0,3.7504065040650407,76.9789430894309,1.0803751785022382,85557.75314595482,2020,True,67.47456872709371,137960.94,165420.58255145903,148492.5882038822,129683.67288035604
1268.0,87689.0328620171,2020,230751,erdgas,Police,1.2448270293382846,52.4,7.4,2019-10-30,7.727160493827161,3.879716049382716,0.0,3.6872427983539096,74.78304526748971,1.1974331731403889,105001.75686957696,2020,True,82.8089565217484,114537.68,165420.58255145903,148492.5882038822,129683.67288035604
1992.0,170038.65600000002,2021,230753,erdgas,Police,1.154608270024093,52.4,7.4,2019-08-11,6.034552845528455,3.0982357723577234,0.0,3.7504065040650407,76.9789430894309,1.0803751785022382,183705.5433282807,2020,True,92.22165829732967,179272.75,241037.8698234617,216371.7271041648,203730.1864177202
1992.0,131088.46435854863,2020,230753,erdgas,Police,1.154608270024093,52.4,7.4,2019-08-11,7.727160493827161,3.879716049382716,0.0,3.6872427983539096,74.78304526748971,1.1974331731403889,156969.67583895766,2020,True,78.8000380717659,155004.31,241037.8698234617,216371.7271041648,203730.1864177202
2925.0,130230.66599999995,2021,230755,erdgas,Police,1.0844813417346997,52.4,7.4,2020-01-25,6.034552845528455,3.0982357723577234,0.0,3.7504065040650407,76.9789430894309,1.0803751785022382,140697.97902621533,2020,True,48.10187317135566,156740.19,332436.91049535485,298417.6242917129,299152.00565855
2925.0,103799.7007055679,2020,230755,erdgas,Police,1.0844813417346997,52.4,7.4,2020-01-25,7.727160493827161,3.879716049382716,0.0,3.6872427983539096,74.78304526748971,1.1974331731403889,124293.20498689084,2020,True,42.493403414321655,130627.234,332436.91049535485,298417.6242917129,299152.00565855
2715.0,278767.4880000001,2021,230761,fernwaerme,Police,1.0976327882137882,52.4,7.4,2020-01-01,6.034552845528455,3.0982357723577234,0.0,3.7504065040650407,76.9789430894309,1.0803751785022382,301173.4746086207,2020,True,110.92945657776085,251161.5,312311.6524960456,280351.8455204486,277674.42576511565
2715.0,240380.3487,2020,230761,fernwaerme,Police,1.0976327882137882,52.4,7.4,2020-01-01,7.727160493827161,3.879716049382716,0.0,3.6872427983539096,74.78304526748971,1.1974331731403889,287839.40370443417,2020,True,106.01819657621884,228820.45,312311.6524960456,280351.8455204486,277674.42576511565
2458.0,428238.2850013366,2021,230763,fernwaerme,Police,1.1155184682564272,52.4,7.4,2020-01-02,6.034552845528455,3.0982357723577234,0.0,3.7504065040650407,76.9789430894309,1.0803751785022382,462658.01359981135,2020,True,188.22539202596067,402381.9,287355.77259330644,257949.77716531997,251389.95894315073
2458.0,359378.0486732586,2020,230763,fernwaerme,Police,1.1155184682564272,52.4,7.4,2020-01-02,7.727160493827161,3.879716049382716,0.0,3.6872427983539096,74.78304526748971,1.1974331731403889,430331.1971798212,2020,True,175.0737173229541,386120.28,287355.77259330644,257949.77716531997,251389.95894315073
3655.0,331361.00800000003,2021,230765,fernwaerme,Police,1.04638549866254,52.4,7.4,2020-01-01,6.034552845528455,3.0982357723577234,0.0,3.7504065040650407,76.9789430894309,1.0803751785022382,357994.20816668164,2020,True,97.94643178294983,354691.53,400811.686949694,359795.4006661144,373812.1643357266
3655.0,292024.148565,2020,230765,fernwaerme,Police,1.04638549866254,52.4,7.4,2020-01-01,7.727160493827161,3.879716049382716,0.0,3.6872427983539096,74.78304526748971,1.1974331731403889,349679.4028498083,2020,True,95.67151924755356,325641.8,400811.686949694,359795.4006661144,373812.1643357266
1824.0,2067229.62,2021,230769,erdgas,Culture,1.1715251829855564,55.9,7.5,2019-01-01,5.715810276679841,3.3137035573122526,6.393873517786561,4.294861660079051,82.01936758893281,1.0803751785022382,2233383.569712614,2019,True,1224.4427465529684,214419.9,238901.16419500022,295776.9914104577,333419.3619329021
1824.0,926337.5601204438,2020,230769,erdgas,Culture,1.1715251829855564,55.9,7.5,2019-01-01,7.365338645418327,4.448067729083665,5.666932270916335,4.378884462151394,76.78187250996017,1.1974331731403889,1109227.324014149,2019,True,608.1290153586343,213105.23,238901.16419500022,295776.9914104577,333419.3619329021
1109.0,252863.1659515012,2021,230875,erdgas,Fire Dept.,1.2733164194049125,50.8,7.1,2020-01-01,6.034552845528455,3.0982357723577234,0.0,3.7504065040650407,76.9789430894309,1.0803751785022382,273187.0880514942,2020,True,246.33641844138342,280318.56,143470.16356659686,114624.07810566727,153915.06131286218
1109.0,163300.8731903001,2020,230875,erdgas,Fire Dept.,1.2733164194049125,50.8,7.1,2020-01-01,7.727160493827161,3.879716049382716,0.0,3.6872427983539096,74.78304526748971,1.1974331731403889,195541.8827608573,2020,True,176.3227076292672,243530.3,143470.16356659686,114624.07810566727,153915.06131286218
2617.2,172215.02399999998,2021,232327,fernwaerme,School,1.104186709022669,49.3,22.4,2019-02-01,6.034552845528455,3.0982357723577234,0.0,3.7504065040650407,76.9789430894309,1.0803751785022382,186056.8372947672,2019,True,71.09003411843467,176448.42,284941.9170486171,310951.99840592017,269705.66513589426
2617.2,143362.49600000004,2020,232327,fernwaerme,School,1.104186709022669,49.3,22.4,2019-02-01,7.727160493827161,3.879716049382716,0.0,3.6872427983539096,74.78304526748971,1.1974331731403889,171667.00849460636,2019,True,65.5918571353379,148826.94,284941.9170486171,310951.99840592017,269705.66513589426
2617.2,135740.66666666666,2019,232327,fernwaerme,School,1.104186709022669,49.3,22.4,2019-02-01,7.368879668049793,3.418526970954357,0.0,3.8441666666666654,75.31728813559323,1.19,161531.3933333333,2019,True,61.71916297315197,152556.06,284941.9170486171,310951.99840592017,269705.66513589426
3275.0,328448.08800000016,2021,232335,erdgas,School,1.0649279579697128,49.3,22.4,2019-01-01,6.034552845528455,3.0982357723577234,0.0,3.7504065040650407,76.9789430894309,1.0803751785022382,354847.161701719,2019,True,108.35027838220427,318079.16,343881.2115477898,375271.3923335808,337492.76070611866
3275.0,261498.348,2020,232335,erdgas,School,1.0649279579697128,49.3,22.4,2019-01-01,7.727160493827161,3.879716049382716,0.0,3.6872427983539096,74.78304526748971,1.1974331731403889,313126.7966166097,2019,True,95.61123560812509,310016.3,343881.2115477898,375271.3923335808,337492.76070611866
3275.0,282285.324,2019,232335,erdgas,School,1.0649279579697128,49.3,22.4,2019-01-01,7.368879668049793,3.418526970954357,0.0,3.8441666666666654,75.31728813559323,1.19,335919.53556,2019,True,102.57085055267176,321530.12,343881.2115477898,375271.3923335808,337492.76070611866
617.0,94288.8599999999,2021,232337,erdgas,School,1.4081169510440583,49.3,22.4,2019-06-01,6.034552845528455,3.0982357723577234,0.0,3.7504065040650407,76.9789430894309,1.0803751785022382,101867.34395327244,2019,True,165.10104368439616,83092.414,85664.48445710653,93484.11392138293,63582.605604786324
617.0,90985.68,2020,232337,erdgas,School,1.4081169510440583,49.3,22.4,2019-06-01,7.727160493827161,3.879716049382716,0.0,3.6872427983539096,74.78304526748971,1.1974331731403889,108949.271512736,2019,True,176.57904621188982,48299.734,85664.48445710653,93484.11392138293,63582.605604786324
617.0,68961.65286698104,2019,232337,erdgas,School,1.4081169510440583,49.3,22.4,2019-06-01,7.368879668049793,3.418526970954357,0.0,3.8441666666666654,75.31728813559323,1.19,82064.36691170743,2019,True,133.00545690714333,53936.508,85664.48445710653,93484.11392138293,63582.605604786324
6413.0,461120.0,2021,232391,fernwaerme,School,0.9579866885855668,49.3,22.4,2019-01-01,6.034552845528455,3.0982357723577234,0.0,3.7504065040650407,76.9789430894309,1.0803751785022382,498182.6023109521,2019,True,77.68323753484361,416641.75,605755.867302465,661050.5026246263,660867.5036361341
6413.0,419798.0079999999,2020,232391,fernwaerme,School,0.9579866885855668,49.3,22.4,2019-01-01,7.727160493827161,3.879716049382716,0.0,3.6872427983539096,74.78304526748971,1.1974331731403889,502680.0607974543,2019,True,78.38454090089728,409731.0,605755.867302465,661050.5026246263,660867.5036361341
6413.0,408683.84571428574,2019,232391,fernwaerme,School,0.9579866885855668,49.3,22.4,2019-01-01,7.368879668049793,3.418526970954357,0.0,3.8441666666666654,75.31728813559323,1.19,486333.7764,2019,True,75.83561147668799,415896.47,605755.867302465,661050.5026246263,660867.5036361341
1395.0,137015.488,2021,232587,fernwaerme,School,1.2250250153411315,49.3,22.4,2020-02-01,6.034552845528455,3.0982357723577234,0.0,3.7504065040650407,76.9789430894309,1.0803751785022382,148028.1323055713,2020,True,106.11335649144895,167580.78,168498.51578512663,183879.4051591817,143756.45837711007
1395.0,118997.43901670378,2020,232587,fernwaerme,School,1.2250250153411315,49.3,22.4,2020-02-01,7.727160493827161,3.879716049382716,0.0,3.6872427983539096,74.78304526748971,1.1974331731403889,142491.48099735152,2020,True,102.1444308224742,143910.48,168498.51578512663,183879.4051591817,143756.45837711007
3926.0,638347.9959183674,2021,236803,erdgas,Police,1.0345376697681492,52.4,7.4,2019-09-01,5.715810276679841,3.3137035573122526,6.393873517786561,4.294861660079051,82.01936758893281,1.0803751785022382,689655.3300368522,2020,True,175.66360928090987,641482.6,425655.1446302222,382096.5513090077,401528.46981725376
3926.0,477807.02454263816,2020,236803,erdgas,Police,1.0345376697681492,52.4,7.4,2019-09-01,7.365338645418327,4.448067729083665,5.666932270916335,4.378884462151394,76.78187250996017,1.1974331731403889,572141.9815468589,2020,True,145.73152866705524,555041.25,425655.1446302222,382096.5513090077,401528.46981725376
1539.0,127380.67395121948,2021,236907,fernwaerme,Culture,1.205065209560031,55.9,7.5,2020-02-01,6.034552845528455,3.0982357723577234,0.0,3.7504065040650407,76.9789430894309,1.0803751785022382,137618.91835778413,2020,True,89.42099958270573,158423.4,207343.76096994083,256706.63436935088,281322.58663088613
1539.0,119141.4268327179,2020,236907,fernwaerme,Culture,1.205065209560031,55.9,7.5,2020-02-01,7.727160493827161,3.879716049382716,0.0,3.6872427983539096,74.78304526748971,1.1974331731403889,142663.89678477487,2020,True,92.69908822922343,143332.69,207343.76096994083,256706.63436935088,281322.58663088613
7997.0,675707.9680000001,2021,236909,fernwaerme,Culture,0.9260982454629354,55.9,7.5,2020-01-01,6.034552845528455,3.0982357723577234,0.0,3.7504065040650407,76.9789430894309,1.0803751785022382,730018.1165433847,2020,True,91.2864970042997,701003.44,827991.6573905211,1025113.8045356254,1461817.235404286
7997.0,577371.509,2020,236909,fernwaerme,Culture,0.9260982454629354,55.9,7.5,2020-01-01,7.727160493827161,3.879716049382716,0.0,3.6872427983539096,74.78304526748971,1.1974331731403889,691363.7981027246,2020,True,86.45289459831494,703403.0,827991.6573905211,1025113.8045356254,1461817.235404286
4202.0,257851.40703703696,2021,236911,fernwaerme,Culture,1.0234512395097917,55.9,7.5,2020-01-01,6.034552845528455,3.0982357723577234,0.0,3.7504065040650407,76.9789430894309,1.0803751785022382,278576.25990469207,2020,True,66.2961113528539,305168.53,480800.6077213721,595266.0703824369,768107.5432248106
4202.0,213337.0618079629,2020,236911,fernwaerme,Culture,1.0234512395097917,55.9,7.5,2020-01-01,7.727160493827161,3.879716049382716,0.0,3.6872427983539096,74.78304526748971,1.1974331731403889,255456.87486915628,2020,True,60.794115866053374,296407.7,480800.6077213721,595266.0703824369,768107.5432248106
1345.0,571450.0,2021,236913,fernwaerme,Culture,1.2325491412370662,55.9,7.5,2021-01-01,6.034552845528455,3.0982357723577234,0.0,3.7504065040650407,76.9789430894309,1.0803751785022382,617380.395755104,2021,True,459.01888160230783,499773.38,185339.64691695885,229463.94312850264,245860.22028495246
7558.0,605142.9,2021,236915,erdgas,Culture,0.9341110725584773,55.9,7.5,2020-02-01,5.715810276679841,3.3137035573122526,6.393873517786561,4.294861660079051,82.01936758893281,1.0803751785022382,653781.3686068621,2020,True,86.50190111231306,561950.4,789309.2841791813,977222.2172023476,1381569.9218689
7558.0,597547.6652419961,2020,236915,erdgas,Culture,0.9341110725584773,55.9,7.5,2020-02-01,7.365338645418327,4.448067729083665,5.666932270916335,4.378884462151394,76.78187250996017,1.1974331731403889,715523.3968933542,2020,True,94.67099720737686,509422.38,789309.2841791813,977222.2172023476,1381569.9218689
3109.0,363032.6664268352,2021,236917,erdgas,Culture,1.0738680110281231,55.9,7.5,2021-05-01,6.034552845528455,3.0982357723577234,0.0,3.7504065040650407,76.9789430894309,1.0803751785022382,392211.4817930355,2021,True,126.1535805059619,450254.3,373261.70125482336,462125.0941907768,568311.8400490091
1255.0,89461.25999999998,2021,237153,erdgas,Culture,1.246989285639387,55.9,7.5,2020-03-01,6.034552845528455,3.0982357723577234,0.0,3.7504065040650407,76.9789430894309,1.0803751785022382,96651.72474153512,2020,True,77.01332648727897,103876.42,174963.81967877675,216617.915465786,229408.60703168425
1255.0,79873.50518898634,2020,237153,erdgas,Culture,1.246989285639387,55.9,7.5,2020-03-01,7.727160493827161,3.879716049382716,0.0,3.6872427983539096,74.78304526748971,1.1974331731403889,95643.18476829324,2020,True,76.2097089787197,113415.914,174963.81967877675,216617.915465786,229408.60703168425
2280.0,171351.5334419745,2021,238957,erdgas,Culture,1.129294851896685,55.9,7.5,2021-03-01,5.715810276679841,3.3137035573122526,6.393873517786561,4.294861660079051,82.01936758893281,1.0803751785022382,185123.94352900545,2021,True,81.19471207412519,474730.0,287861.7749278726,356393.7832498112,416774.2024161276
14727.0,506363.7142728973,2021,239251,fernwaerme,Culture,0.8453785008531114,55.9,7.5,2021-03-01,6.034552845528455,3.0982357723577234,0.0,3.7504065040650407,76.9789430894309,1.0803751785022382,547062.7881946377,2021,True,37.146926610622515,610398.8,1391897.6105547296,1723270.3280811338,2692032.3153431187
2279.0,131875.90468085106,2021,239263,erdgas,Culture,1.1293759034909074,55.9,7.5,2021-01-01,6.034552845528455,3.0982357723577234,0.0,3.7504065040650407,76.9789430894309,1.0803751785022382,142475.4540597186,2021,True,62.51665382172822,203147.34,287756.171077436,356263.0380135176,416591.4067133135
1345.0,122653.704,2021,250712,fernwaerme,Culture,1.2325491412370662,55.9,7.5,2019-01-01,6.034552845528455,3.0982357723577234,0.0,3.7504065040650407,76.9789430894309,1.0803751785022382,132512.01735296068,2019,True,98.52194598733136,294523.12,185339.64691695885,229463.94312850264,245860.22028495246
1345.0,37681.41663829787,2020,250712,fernwaerme,Culture,1.2325491412370662,55.9,7.5,2019-01-01,7.727160493827161,3.879716049382716,0.0,3.6872427983539096,74.78304526748971,1.1974331731403889,45120.97829362207,2019,True,33.54719575733983,304278.47,185339.64691695885,229463.94312850264,245860.22028495246
5010.0,441317.1886995859,2020,220693,erdgas,Fire Dept.,0.9954927736394592,50.8,7.1,2019-07-03,7.727160493827161,3.879716049382716,0.0,3.6872427983539096,74.78304526748971,1.1974331731403889,528447.8416259409,2020,True,105.47861110298221,756939.3,506721.74966686295,404840.3651864088,695324.1273015686
1017.0,156092.125763502,2020,220573,erdgas,Fire Dept.,1.2921725103373345,50.8,7.1,2019-01-01,7.727160493827161,3.879716049382716,0.0,3.6872427983539096,74.78304526748971,1.1974331731403889,186909.8894552189,2019,True,183.7855353541975,153898.39,133516.5674101278,106671.75021456691,141146.63422468968
1017.0,196542.018,2019,220573,erdgas,Fire Dept.,1.2921725103373345,50.8,7.1,2019-01-01,7.368879668049793,3.418526970954357,0.0,3.8441666666666654,75.31728813559323,1.19,233885.00142,2019,True,229.9754192920354,176696.36,133516.5674101278,106671.75021456691,141146.63422468968
2179.0,91401.8242636918,2020,220631,erdgas,Fire Dept.,1.137706593386274,50.8,7.1,2019-01-01,7.727160493827161,3.879716049382716,0.0,3.6872427983539096,74.78304526748971,1.1974331731403889,109447.57645889264,2019,True,50.228350830148074,471015.84,251872.766966051,201231.27342784262,302417.4198383469
2179.0,391777.9595999999,2019,220631,erdgas,Fire Dept.,1.137706593386274,50.8,7.1,2019-01-01,7.368879668049793,3.418526970954357,0.0,3.8441666666666654,75.31728813559323,1.19,466215.7719239998,2019,True,213.95859197980718,472818.28,251872.766966051,201231.27342784262,302417.4198383469
2712.0,75807.6153816047,2020,220739,erdgas,School,1.0978295402509348,49.3,22.4,2019-06-02,7.727160493827161,3.879716049382716,0.0,3.6872427983539096,74.78304526748971,1.1974331731403889,90774.55343460108,2019,True,33.4714430068588,179122.48,293563.13211762876,320360.1756308211,279474.9212320592
2712.0,201986.3888454012,2019,220739,erdgas,School,1.0978295402509348,49.3,22.4,2019-06-02,7.368879668049793,3.418526970954357,0.0,3.8441666666666654,75.31728813559323,1.19,240363.8027260274,2019,True,88.62972076918415,196252.3,293563.13211762876,320360.1756308211,279474.9212320592
5386.0,379363.5540348612,2020,222029,erdgas,Fire Dept.,0.9842922481307932,50.8,7.1,2018-06-02,7.727160493827161,3.879716049382716,0.0,3.6872427983539096,74.78304526748971,1.1974331731403889,454262.5042817792,2018,True,84.34134873408452,729039.94,538622.0417207371,430326.7902177677,747508.1336619258
5386.0,741754.8,2019,222029,erdgas,Fire Dept.,0.9842922481307932,50.8,7.1,2018-06-02,7.368879668049793,3.418526970954357,0.0,3.8441666666666654,75.31728813559323,1.19,882688.212,2018,True,163.8856687708875,821654.25,538622.0417207371,430326.7902177677,747508.1336619258
5386.0,877600.6177471419,2018,222029,erdgas,Fire Dept.,0.9842922481307932,50.8,7.1,2018-06-02,5.359330143540669,3.199516746411483,0.0,3.843540669856459,76.24052631578948,1.17,1026792.722764156,2018,True,190.64105509917488,814479.94,538622.0417207371,430326.7902177677,747508.1336619258
3694.0,100308.4806608924,2020,222057,erdgas,Fire Dept.,1.0446158344058407,50.8,7.1,2019-05-27,7.727160493827161,3.879716049382716,0.0,3.6872427983539096,74.78304526748971,1.1974331731403889,120112.70229066371,2019,True,32.515620544305285,606827.94,392055.1866571898,313228.64085441455,512680.1050403182
3694.0,694675.778483071,2019,222057,erdgas,Fire Dept.,1.0446158344058407,50.8,7.1,2019-05-27,7.368879668049793,3.418526970954357,0.0,3.8441666666666654,75.31728813559323,1.19,826664.1763948544,2019,True,223.78564601918094,626158.6,392055.1866571898,313228.64085441455,512680.1050403182
2812.0,155940.70179299687,2020,222065,erdgas,Fire Dept.,1.0914098548668545,50.8,7.1,2018-06-01,7.727160493827161,3.879716049382716,0.0,3.6872427983539096,74.78304526748971,1.1974331731403889,186728.56936972737,2018,True,66.40418540886463,366894.2,311814.9224075764,249121.46980279917,390269.7496950122
2812.0,318218.8557929968,2019,222065,erdgas,Fire Dept.,1.0914098548668545,50.8,7.1,2018-06-01,7.368879668049793,3.418526970954357,0.0,3.8441666666666654,75.31728813559323,1.19,378680.4383936662,2018,True,134.66587425094815,435002.28,311814.9224075764,249121.46980279917,390269.7496950122
2812.0,395048.8817284808,2018,222065,erdgas,Fire Dept.,1.0914098548668545,50.8,7.1,2018-06-01,5.359330143540669,3.199516746411483,0.0,3.843540669856459,76.24052631578948,1.17,462207.1916223225,2018,True,164.3695560534575,451608.28,311814.9224075764,249121.46980279917,390269.7496950122
2822.0,517102.4517281448,2020,222093,erdgas,School,1.0907831742582346,49.3,22.4,2018-05-15,7.727160493827161,3.879716049382716,0.0,3.6872427983539096,74.78304526748971,1.1974331731403889,619195.6296115072,2018,True,219.41730319330517,526110.1,303509.54561081436,331214.51810423814,290810.555942799
2822.0,988829.5859999988,2019,222093,erdgas,School,1.0907831742582346,49.3,22.4,2018-05-15,7.368879668049793,3.418526970954357,0.0,3.8441666666666654,75.31728813559323,1.19,1176707.2073399986,2018,True,416.97633144578265,592639.25,303509.54561081436,331214.51810423814,290810.555942799
2822.0,935171.8920000024,2018,222093,erdgas,School,1.0907831742582346,49.3,22.4,2018-05-15,5.359330143540669,3.199516746411483,0.0,3.843540669856459,76.24052631578948,1.17,1094151.113640003,2018,True,387.7218687597458,617422.8,303509.54561081436,331214.51810423814,290810.555942799
2258.0,71917.16094464951,2020,222115,erdgas,Fire Dept.,1.1310880365300946,50.8,7.1,2019-01-11,7.727160493827161,3.879716049382716,0.0,3.6872427983539096,74.78304526748971,1.1974331731403889,86115.99423319972,2019,True,38.13817282249766,145990.83,259486.07350687127,207313.8499154082,313381.61266406026
2258.0,124560.54544649443,2019,222115,erdgas,Fire Dept.,1.1310880365300946,50.8,7.1,2019-01-11,7.368879668049793,3.418526970954357,0.0,3.8441666666666654,75.31728813559323,1.19,148227.04908132838,2019,True,65.6452830298177,169798.97,259486.07350687127,207313.8499154082,313381.61266406026
4204.0,152877.7252663909,2020,222211,erdgas,Fire Dept.,1.023374159455876,50.8,7.1,2019-01-01,7.727160493827161,3.879716049382716,0.0,3.6872427983539096,74.78304526748971,1.1974331731403889,183060.85966821903,2019,True,43.54444806570387,331922.78,437110.12058141426,349224.83781127346,583461.6030291007
4204.0,237805.09126639145,2019,222211,erdgas,Fire Dept.,1.023374159455876,50.8,7.1,2019-01-01,7.368879668049793,3.418526970954357,0.0,3.8441666666666654,75.31728813559323,1.19,282988.0586070058,2019,True,67.31400062012507,363349.9,437110.12058141426,349224.83781127346,583461.6030291007
3500.0,180289.53455673964,2020,222829,erdgas,School,1.0536525885329278,49.3,22.4,2018-01-01,7.727160493827161,3.879716049382716,0.0,3.6872427983539096,74.78304526748971,1.1974331731403889,215884.66944828053,2018,True,61.68133412808015,303151.28,363615.50830271334,396807.07608498883,360679.28625081386
3500.0,323679.9960000012,2019,222829,erdgas,School,1.0536525885329278,49.3,22.4,2018-01-01,7.368879668049793,3.418526970954357,0.0,3.8441666666666654,75.31728813559323,1.19,385179.1952400014,2018,True,110.05119864000041,327468.22,363615.50830271334,396807.07608498883,360679.28625081386
3500.0,305563.89599999995,2018,222829,erdgas,School,1.0536525885329278,49.3,22.4,2018-01-01,5.359330143540669,3.199516746411483,0.0,3.843540669856459,76.24052631578948,1.17,357509.7583199999,2018,True,102.14564523428568,342212.22,363615.50830271334,396807.07608498883,360679.28625081386
2190.0,56107.76127320955,2020,226835,fernwaerme,School,1.1367676966220617,49.3,22.4,2020-01-01,7.727160493827161,3.879716049382716,0.0,3.6872427983539096,74.78304526748971,1.1974331731403889,67185.29461918274,2020,True,30.678216721088006,81543.97,245466.79580238828,267873.50730158575,225682.18196836638
1641.0,148029.00703645012,2020,232685,erdgas,Fire Dept.,1.1922525338078178,50.8,7.1,2018-06-01,7.727160493827161,3.879716049382716,0.0,3.6872427983539096,74.78304526748971,1.1974331731403889,177254.84361247742,2018,True,108.01635808194845,175465.9,198779.0190506287,158812.54498501195,227749.87882272934
1641.0,217226.9987828843,2019,232685,erdgas,Fire Dept.,1.1922525338078178,50.8,7.1,2018-06-01,7.368879668049793,3.418526970954357,0.0,3.8441666666666654,75.31728813559323,1.19,258500.1285516323,2018,True,157.52597717954438,185665.89,198779.0190506287,158812.54498501195,227749.87882272934
1641.0,186964.46358161647,2018,232685,erdgas,Fire Dept.,1.1922525338078178,50.8,7.1,2018-06-01,5.359330143540669,3.199516746411483,0.0,3.843540669856459,76.24052631578948,1.17,218748.4223904913,2018,True,133.30190273643586,204654.16,198779.0190506287,158812.54498501195,227749.87882272934
2429.0,210755.1635038575,2020,236919,erdgas,Culture,1.1176787307340057,55.9,7.5,2019-07-02,7.365338645418327,4.448067729083665,5.666932270916335,4.378884462151394,76.78187250996017,1.1974331731403889,252365.2241901456,2020,True,103.89675759166141,278940.78,303519.29501133424,375778.9302366003,444010.76213542715
3892.0,282275.87400000007,2019,221113,erdgas,School,1.0359687351421687,49.3,22.4,2019-01-01,7.368879668049793,3.418526970954357,0.0,3.8441666666666654,75.31728813559323,1.19,335908.2900600001,2019,True,86.30737154676261,316937.0,397554.2452732894,433843.8104260893,401075.36631090497
